{
  "accrual_periodicity": "daily",
  "additional_limitations": "",
  "citation": "",
  "contact_email": "opendata@cdph.ca.gov",
  "data_collection_tool": "This data is entered by hospitals into an online web interface at the end of each day.",
  "data_license": "Terms of Use",
  "de_identification_method": "Data aggregated at county level.",
  "description": " UPDATE: In response to numerous public inquiries asking for more precise definitions of data elements, a revised data dictionary has been posted.\r\n\r\nStatewide cumulative daily inventory of hospital status aggregated to the county level. This dataset depicts: total confirmed cases, total deaths, both positive and suspected positive COVID-19 patients, as well as Intensive Care Unit (ICU) positive and suspected positive COVID-19 patients. Daily updates are appended to a single file in order to make it easier to analyze in statistical programs. Daily numbers can be easily calculated by subtracting the previous day's total from the current.\r\n\r\nCumulative totals previous to 4/1 are not available.\r\n\r\nPLEASE NOTE: This data may not match those compiled by local health departments, as this is a rapidly evolving situation meaning the counts are heavily dependent on when the data was pulled, as well as other factors. Timing of the data pulls for this dataset is stated in the data dictionary. Local health departments who post counts from later data pulls will have higher numbers for the same date. In addition, state cases are defined as laboratory-verified infections that have been submitted to the state surveillance system for reportable diseases, CalREDIE. Local Health Departments may have more expansive definitions of positive cases, or may have knowledge of cases that have not yet been entered in CalREDIE, which will also result in local health departments reporting higher case counts.\r\n\r\nTo find information on county general acute care hospital (GACH) bed types and counts, please use this link. https://data.chhs.ca.gov/dataset/healthcare-facility-bed-types-and-counts",
  "geo_coverage": "Statewide",
  "geographic_granularity": "county",
  "keywords": [
    "19",
    "corona",
    "coronavirus",
    "covid",
    "covid-19",
    "covid19",
    "virus"
  ],
  "limitations": "Limitations",
  "name": "california-covid-19-hospital-data-and-case-statistics",
  "program_web_page": "https://covid19.ca.gov/",
  "related_resources": "",
  "resources": [
    {
      "description": "Statewide daily inventory of hospital status aggregated to the county level. This dataset depicts: total confirmed cases, total deaths, both positive and suspected positive COVID-19 patients, as well as Intensive Care Unit (ICU) positive and suspected positive COVID-19 patients.",
      "format": "CSV",
      "name": "covid-19-cases",
      "path": "covid-19-cases.csv",
      "schema": {
        "fields": [
          {
            "name": "County Name",
            "type": "string"
          },
          {
            "name": "Most Recent Date",
            "type": "datetime"
          },
          {
            "name": "Total Count Confirmed",
            "type": "number"
          },
          {
            "name": "Total Count Deaths",
            "type": "number"
          },
          {
            "name": "COVID-19 Positive Patients",
            "type": "number"
          },
          {
            "name": "Suspected COVID-19 Positive Patients",
            "type": "number"
          },
          {
            "name": "ICU COVID-19 Positive Patients",
            "type": "number"
          },
          {
            "name": "ICU COVID-19 Suspected Patients",
            "type": "number"
          }
        ]
      },
      "sources": [
        {
          "path": "https://data.chhs.ca.gov/dataset/6882c390-b2d7-4b9a-aefa-2068cee63e47/resource/6cd8d424-dfaa-4bdd-9410-a3d656e1176e/download/covid19data.csv",
          "title": "COVID 19 Cases"
        }
      ],
      "title": "COVID 19 Cases"
    },
    {
      "description": " ",
      "format": "chart",
      "name": "hospital-data-covid-19",
      "path": "hospital-data-covid-19.chart",
      "sources": [
        {
          "path": "https://public.tableau.com/views/COVID-19PublicDashboard/Covid-19Hospitals?:embed=y&:display_count=no&:showVizHome=no",
          "title": "Hospital Data - COVID-19"
        }
      ],
      "title": "Hospital Data - COVID-19"
    },
    {
      "description": " ",
      "format": "chart",
      "name": "case-statistics-covid-19",
      "path": "case-statistics-covid-19.chart",
      "sources": [
        {
          "path": "https://public.tableau.com/views/COVID-19PublicDashboard/Covid-19Public?:embed=y&:display_count=no&:showVizHome=no",
          "title": "Case Statistics - COVID-19"
        }
      ],
      "title": "Case Statistics - COVID-19"
    },
    {
      "format": "XLSX",
      "name": "data-dictionary-covid-19-data-file",
      "path": "data-dictionary-covid-19-data-file.xlsx",
      "schema": {
        "fields": [
          {
            "name": "Column Name",
            "type": "string"
          },
          {
            "name": "Variable Label",
            "type": "string"
          },
          {
            "name": "Format",
            "type": "string"
          },
          {
            "name": "Description",
            "type": "string"
          }
        ]
      },
      "sources": [
        {
          "path": "https://data.chhs.ca.gov/dataset/6882c390-b2d7-4b9a-aefa-2068cee63e47/resource/00c4d4ae-001d-4d57-93bd-842dc5695b19/download/covid-19-data-file-dd_20200412.xlsx",
          "title": "Data Dictionary - COVID-19 Data File"
        }
      ],
      "title": "Data Dictionary - COVID-19 Data File"
    },
    {
      "format": "XLSX",
      "name": "data-dictionary-hospital-covid-19-data",
      "path": "data-dictionary-hospital-covid-19-data.xlsx",
      "schema": {
        "fields": [
          {
            "name": "Variable",
            "type": "string"
          },
          {
            "name": "Type",
            "type": "string"
          },
          {
            "name": "Description",
            "type": "string"
          }
        ]
      },
      "sources": [
        {
          "path": "https://data.chhs.ca.gov/dataset/6882c390-b2d7-4b9a-aefa-2068cee63e47/resource/391983fc-16d2-4e17-831f-7e2ff192d49f/download/hospital-covid-19-dashboard-dd_20200412.xlsx",
          "title": "Data Dictionary - Hospital COVID-19 Data"
        }
      ],
      "title": "Data Dictionary - Hospital COVID-19 Data"
    },
    {
      "format": "XLSX",
      "name": "data-dictionary-case-statistics-covid-19-data",
      "path": "data-dictionary-case-statistics-covid-19-data.xlsx",
      "schema": {
        "fields": [
          {
            "name": "VARIABLE",
            "type": "string"
          },
          {
            "name": "FORMAT",
            "type": "string"
          },
          {
            "name": "DESCRIPTION",
            "type": "string"
          }
        ]
      },
      "sources": [
        {
          "path": "https://data.chhs.ca.gov/dataset/6882c390-b2d7-4b9a-aefa-2068cee63e47/resource/10c0abfc-762a-4b5e-b94b-c81ac34108d5/download/case-statistics-covid-19-dashboard-dd_20200412.xlsx",
          "title": "Data Dictionary - Case Statistics COVID-19 Data"
        }
      ],
      "title": "Data Dictionary - Case Statistics COVID-19 Data"
    }
  ],
  "secondary_sources": "",
  "sources": [
    {
      "name": "California Department of Public Health"
    }
  ],
  "temporal_coverage": "2020 ongoing report.",
  "title": "California COVID-19 Hospital Data and Case Statistics"
}