date,race,age,confirmed_cases_total,confirmed_cases_percent,deaths_total,deaths_percent,population_percent
6/24/2020,Asian,0-17,255,0.025,0,0,0.13
6/24/2020,Asian,18-34,2280,0.057,4,0.069,0.151
6/24/2020,Asian,35-49,2603,0.076,22,0.08,0.179
6/24/2020,Asian,50-64,2647,0.09,85,0.095,0.167
6/24/2020,Asian,65-79,1408,0.105,215,0.121,0.172
6/24/2020,Asian,80+,1090,0.153,503,0.2,0.172
6/24/2020,Asian,Total,10293,0.076,829,0.15,0.157
6/24/2020,Black,0-17,178,0.017,0,0,0.054
6/24/2020,Black,18-34,1436,0.036,6,0.103,0.065
6/24/2020,Black,35-49,1317,0.039,20,0.073,0.059
6/24/2020,Black,50-64,1502,0.051,77,0.086,0.064
6/24/2020,Black,65-79,982,0.073,201,0.113,0.055
6/24/2020,Black,80+,557,0.078,215,0.085,0.048
6/24/2020,Black,Total,5981,0.045,519,0.094,0.06
6/24/2020,Latino,0-17,7059,0.689,0,0,0.479
6/24/2020,Latino,18-34,24742,0.619,39,0.672,0.45
6/24/2020,Latino,35-49,20605,0.605,202,0.737,0.415
6/24/2020,Latino,50-64,15965,0.542,549,0.613,0.322
6/24/2020,Latino,65-79,5519,0.411,777,0.437,0.218
6/24/2020,Latino,80+,2098,0.293,697,0.277,0.196
6/24/2020,Latino,Total,76036,0.566,2265,0.41,0.389
6/24/2020,Other,0-17,2014,0.196,0,0,0.044
6/24/2020,Other,18-34,6595,0.165,2,0.034,0.032
6/24/2020,Other,35-49,4959,0.146,6,0.022,0.021
6/24/2020,Other,50-64,3833,0.131,17,0.019,0.017
6/24/2020,Other,65-79,1299,0.097,34,0.019,0.015
6/24/2020,Other,80+,519,0.072,48,0.019,0.013
6/24/2020,Other,Total,19221,0.143,107,0.019,0.027
6/24/2020,white,0-17,744,0.073,0,0,0.292
6/24/2020,white,18-34,4948,0.124,7,0.121,0.302
6/24/2020,white,35-49,4552,0.134,24,0.088,0.325
6/24/2020,white,50-64,5507,0.187,167,0.187,0.43
6/24/2020,white,65-79,4204,0.313,553,0.311,0.54
6/24/2020,white,80+,2892,0.404,1056,0.419,0.572
6/24/2020,white,Total,22871,0.17,1807,0.327,0.366
6/23/2020,Asian,0-17,247,0.025,0,0,0.13
6/23/2020,Asian,18-34,2236,0.058,4,0.069,0.151
6/23/2020,Asian,35-49,2555,0.077,22,0.082,0.179
6/23/2020,Asian,50-64,2609,0.091,83,0.095,0.167
6/23/2020,Asian,65-79,1387,0.105,207,0.119,0.172
6/23/2020,Asian,80+,1065,0.152,491,0.198,0.172
6/23/2020,Asian,Total,10109,0.077,807,0.149,0.157
6/23/2020,Black,0-17,173,0.017,0,0,0.054
6/23/2020,Black,18-34,1387,0.036,6,0.103,0.065
6/23/2020,Black,35-49,1285,0.039,20,0.074,0.059
6/23/2020,Black,50-64,1484,0.051,75,0.086,0.064
6/23/2020,Black,65-79,963,0.073,197,0.113,0.055
6/23/2020,Black,80+,545,0.077,213,0.086,0.048
6/23/2020,Black,Total,5845,0.045,511,0.094,0.06
6/23/2020,Latino,0-17,6694,0.676,0,0,0.479
6/23/2020,Latino,18-34,23814,0.614,39,0.672,0.45
6/23/2020,Latino,35-49,19873,0.6,198,0.736,0.415
6/23/2020,Latino,50-64,15509,0.538,537,0.612,0.322
6/23/2020,Latino,65-79,5361,0.408,764,0.438,0.218
6/23/2020,Latino,80+,2061,0.293,686,0.277,0.196
6/23/2020,Latino,Total,73357,0.56,2225,0.41,0.389
6/23/2020,Other,0-17,2017,0.203,0,0,0.044
6/23/2020,Other,18-34,6528,0.168,2,0.034,0.032
6/23/2020,Other,35-49,4929,0.149,5,0.019,0.021
6/23/2020,Other,50-64,3827,0.133,18,0.021,0.017
6/23/2020,Other,65-79,1282,0.097,32,0.018,0.015
6/23/2020,Other,80+,513,0.073,48,0.019,0.013
6/23/2020,Other,Total,19099,0.146,105,0.019,0.027
6/23/2020,white,0-17,766,0.077,0,0,0.292
6/23/2020,white,18-34,4840,0.125,7,0.121,0.302
6/23/2020,white,35-49,4465,0.135,24,0.089,0.325
6/23/2020,white,50-64,5412,0.188,164,0.187,0.43
6/23/2020,white,65-79,4141,0.315,545,0.312,0.54
6/23/2020,white,80+,2849,0.405,1043,0.42,0.572
6/23/2020,white,Total,22500,0.172,1783,0.328,0.366
6/22/2020,Asian,0-17,242,0.025,0,0,0.13
6/22/2020,Asian,18-34,2176,0.059,4,0.069,0.151
6/22/2020,Asian,35-49,2513,0.079,22,0.083,0.179
6/22/2020,Asian,50-64,2565,0.091,82,0.094,0.167
6/22/2020,Asian,65-79,1363,0.106,205,0.119,0.172
6/22/2020,Asian,80+,1055,0.152,487,0.198,0.172
6/22/2020,Asian,Total,9925,0.078,800,0.148,0.157
6/22/2020,Black,0-17,161,0.017,0,0,0.054
6/22/2020,Black,18-34,1329,0.036,6,0.103,0.065
6/22/2020,Black,35-49,1224,0.038,20,0.075,0.059
6/22/2020,Black,50-64,1456,0.052,75,0.086,0.064
6/22/2020,Black,65-79,945,0.073,194,0.112,0.055
6/22/2020,Black,80+,538,0.078,211,0.086,0.048
6/22/2020,Black,Total,5661,0.045,506,0.094,0.06
6/22/2020,Latino,0-17,6452,0.678,0,0,0.479
6/22/2020,Latino,18-34,23106,0.618,39,0.672,0.45
6/22/2020,Latino,35-49,19278,0.602,194,0.732,0.415
6/22/2020,Latino,50-64,15189,0.54,531,0.612,0.322
6/22/2020,Latino,65-79,5250,0.408,749,0.434,0.218
6/22/2020,Latino,80+,2028,0.292,678,0.275,0.196
6/22/2020,Latino,Total,71350,0.562,2192,0.407,0.389
6/22/2020,Other,0-17,1929,0.202,0,0,0.044
6/22/2020,Other,18-34,6136,0.165,2,0.034,0.032
6/22/2020,Other,35-49,4689,0.146,5,0.019,0.021
6/22/2020,Other,50-64,3635,0.13,17,0.02,0.017
6/22/2020,Other,65-79,1235,0.096,29,0.017,0.015
6/22/2020,Other,80+,502,0.072,47,0.019,0.013
6/22/2020,Other,Total,18129,0.143,100,0.019,0.027
6/22/2020,white,0-17,734,0.077,0,0,0.292
6/22/2020,white,18-34,4622,0.124,7,0.121,0.302
6/22/2020,white,35-49,4334,0.135,24,0.091,0.325
6/22/2020,white,50-64,5284,0.188,163,0.188,0.43
6/22/2020,white,65-79,4070,0.316,550,0.318,0.54
6/22/2020,white,80+,2817,0.406,1043,0.423,0.572
6/22/2020,white,Total,21885,0.172,1787,0.332,0.366
6/21/2020,Asian,0-17,234,0.025,0,0,0.13
6/21/2020,Asian,18-34,2144,0.059,4,0.069,0.151
6/21/2020,Asian,35-49,2485,0.08,22,0.083,0.179
6/21/2020,Asian,50-64,2540,0.092,81,0.094,0.167
6/21/2020,Asian,65-79,1347,0.106,206,0.12,0.172
6/21/2020,Asian,80+,1054,0.153,483,0.197,0.172
6/21/2020,Asian,Total,9815,0.078,796,0.148,0.157
6/21/2020,Black,0-17,157,0.017,0,0,0.054
6/21/2020,Black,18-34,1300,0.036,6,0.103,0.065
6/21/2020,Black,35-49,1202,0.038,20,0.076,0.059
6/21/2020,Black,50-64,1440,0.052,74,0.086,0.064
6/21/2020,Black,65-79,939,0.074,193,0.112,0.055
6/21/2020,Black,80+,532,0.077,209,0.085,0.048
6/21/2020,Black,Total,5573,0.045,502,0.094,0.06
6/21/2020,Latino,0-17,6328,0.683,0,0,0.479
6/21/2020,Latino,18-34,22770,0.624,39,0.672,0.45
6/21/2020,Latino,35-49,19046,0.606,193,0.731,0.415
6/21/2020,Latino,50-64,15044,0.543,528,0.613,0.322
6/21/2020,Latino,65-79,5200,0.41,747,0.433,0.218
6/21/2020,Latino,80+,2004,0.292,674,0.275,0.196
6/21/2020,Latino,Total,70439,0.566,2182,0.407,0.389
6/21/2020,Other,0-17,1840,0.199,0,0,0.044
6/21/2020,Other,18-34,5753,0.158,2,0.034,0.032
6/21/2020,Other,35-49,4405,0.14,5,0.019,0.021
6/21/2020,Other,50-64,3459,0.125,16,0.019,0.017
6/21/2020,Other,65-79,1177,0.093,30,0.018,0.015
6/21/2020,Other,80+,481,0.07,47,0.019,0.013
6/21/2020,Other,Total,17118,0.137,100,0.019,0.027
6/21/2020,white,0-17,702,0.076,0,0,0.292
6/21/2020,white,18-34,4516,0.124,7,0.121,0.302
6/21/2020,white,35-49,4269,0.136,24,0.091,0.325
6/21/2020,white,50-64,5214,0.188,163,0.189,0.43
6/21/2020,white,65-79,4030,0.317,550,0.319,0.54
6/21/2020,white,80+,2794,0.407,1040,0.424,0.572
6/21/2020,white,Total,21547,0.173,1784,0.333,0.366
6/20/2020,Asian,0-17,229,0.026,0,0,0.13
6/20/2020,Asian,18-34,2119,0.06,4,0.069,0.151
6/20/2020,Asian,35-49,2464,0.08,22,0.084,0.179
6/20/2020,Asian,50-64,2520,0.093,81,0.095,0.167
6/20/2020,Asian,65-79,1343,0.107,206,0.12,0.172
6/20/2020,Asian,80+,1050,0.154,483,0.197,0.172
6/20/2020,Asian,Total,9737,0.08,796,0.149,0.157
6/20/2020,Black,0-17,146,0.016,0,0,0.054
6/20/2020,Black,18-34,1273,0.036,6,0.103,0.065
6/20/2020,Black,35-49,1174,0.038,20,0.076,0.059
6/20/2020,Black,50-64,1426,0.052,74,0.087,0.064
6/20/2020,Black,65-79,933,0.074,192,0.112,0.055
6/20/2020,Black,80+,530,0.078,209,0.085,0.048
6/20/2020,Black,Total,5485,0.045,501,0.094,0.06
6/20/2020,Latino,0-17,6195,0.688,0,0,0.479
6/20/2020,Latino,18-34,22418,0.628,39,0.672,0.45
6/20/2020,Latino,35-49,18767,0.61,192,0.73,0.415
6/20/2020,Latino,50-64,14843,0.544,522,0.611,0.322
6/20/2020,Latino,65-79,5129,0.409,745,0.433,0.218
6/20/2020,Latino,80+,1987,0.292,671,0.274,0.196
6/20/2020,Latino,Total,69392,0.568,2170,0.406,0.389
6/20/2020,Other,0-17,1769,0.197,0,0,0.044
6/20/2020,Other,18-34,5489,0.154,2,0.034,0.032
6/20/2020,Other,35-49,4200,0.136,5,0.019,0.021
6/20/2020,Other,50-64,3349,0.123,15,0.018,0.017
6/20/2020,Other,65-79,1152,0.092,30,0.018,0.015
6/20/2020,Other,80+,472,0.069,47,0.019,0.013
6/20/2020,Other,Total,16434,0.134,99,0.019,0.027
6/20/2020,white,0-17,668,0.074,0,0,0.292
6/20/2020,white,18-34,4403,0.123,7,0.121,0.302
6/20/2020,white,35-49,4182,0.136,24,0.091,0.325
6/20/2020,white,50-64,5137,0.188,163,0.191,0.43
6/20/2020,white,65-79,3990,0.318,547,0.318,0.54
6/20/2020,white,80+,2774,0.407,1038,0.424,0.572
6/20/2020,white,Total,21177,0.173,1779,0.333,0.366
6/19/2020,Asian,0-17,221,0.026,0,0,0.13
6/19/2020,Asian,18-34,2080,0.06,4,0.069,0.151
6/19/2020,Asian,35-49,2433,0.081,22,0.085,0.179
6/19/2020,Asian,50-64,2505,0.094,81,0.096,0.167
6/19/2020,Asian,65-79,1322,0.107,204,0.122,0.172
6/19/2020,Asian,80+,1032,0.154,476,0.198,0.172
6/19/2020,Asian,Total,9604,0.081,787,0.15,0.157
6/19/2020,Black,0-17,139,0.016,0,0,0.054
6/19/2020,Black,18-34,1230,0.035,5,0.086,0.065
6/19/2020,Black,35-49,1154,0.038,20,0.077,0.059
6/19/2020,Black,50-64,1409,0.053,74,0.088,0.064
6/19/2020,Black,65-79,921,0.075,188,0.112,0.055
6/19/2020,Black,80+,527,0.079,208,0.087,0.048
6/19/2020,Black,Total,5384,0.045,495,0.095,0.06
6/19/2020,Latino,0-17,6013,0.689,0,0,0.479
6/19/2020,Latino,18-34,21892,0.63,40,0.69,0.45
6/19/2020,Latino,35-49,18351,0.61,190,0.734,0.415
6/19/2020,Latino,50-64,14540,0.543,505,0.603,0.322
6/19/2020,Latino,65-79,5018,0.408,719,0.429,0.218
6/19/2020,Latino,80+,1950,0.291,660,0.275,0.196
6/19/2020,Latino,Total,67818,0.568,2115,0.404,0.389
6/19/2020,Other,0-17,1699,0.195,0,0,0.044
6/19/2020,Other,18-34,5240,0.151,2,0.034,0.032
6/19/2020,Other,35-49,4021,0.133,4,0.016,0.021
6/19/2020,Other,50-64,3247,0.122,16,0.02,0.017
6/19/2020,Other,65-79,1126,0.092,28,0.017,0.015
6/19/2020,Other,80+,475,0.071,46,0.019,0.013
6/19/2020,Other,Total,15811,0.132,96,0.019,0.027
6/19/2020,white,0-17,656,0.075,0,0,0.292
6/19/2020,white,18-34,4286,0.123,7,0.121,0.302
6/19/2020,white,35-49,4121,0.137,23,0.089,0.325
6/19/2020,white,50-64,5067,0.189,161,0.192,0.43
6/19/2020,white,65-79,3918,0.318,536,0.32,0.54
6/19/2020,white,80+,2708,0.405,1012,0.421,0.572
6/19/2020,white,Total,20780,0.174,1739,0.332,0.366
6/18/2020,Asian,0-17,218,0.025,0,0,0.13
6/18/2020,Asian,18-34,2053,0.061,4,0.069,0.151
6/18/2020,Asian,35-49,2410,0.082,22,0.086,0.179
6/18/2020,Asian,50-64,2493,0.095,80,0.096,0.167
6/18/2020,Asian,65-79,1316,0.108,201,0.122,0.172
6/18/2020,Asian,80+,1027,0.155,473,0.199,0.172
6/18/2020,Asian,Total,9527,0.082,780,0.151,0.157
6/18/2020,Black,0-17,132,0.016,0,0,0.054
6/18/2020,Black,18-34,1198,0.035,5,0.086,0.065
6/18/2020,Black,35-49,1138,0.039,20,0.078,0.059
6/18/2020,Black,50-64,1390,0.053,73,0.088,0.064
6/18/2020,Black,65-79,910,0.075,186,0.113,0.055
6/18/2020,Black,80+,524,0.079,207,0.087,0.048
6/18/2020,Black,Total,5296,0.045,491,0.095,0.06
6/18/2020,Latino,0-17,5836,0.69,0,0,0.479
6/18/2020,Latino,18-34,21303,0.631,40,0.69,0.45
6/18/2020,Latino,35-49,17952,0.609,188,0.732,0.415
6/18/2020,Latino,50-64,14266,0.542,498,0.601,0.322
6/18/2020,Latino,65-79,4927,0.406,706,0.429,0.218
6/18/2020,Latino,80+,1924,0.29,652,0.275,0.196
6/18/2020,Latino,Total,66261,0.567,2085,0.404,0.389
6/18/2020,Other,0-17,1633,0.193,0,0,0.044
6/18/2020,Other,18-34,5041,0.149,2,0.034,0.032
6/18/2020,Other,35-49,3906,0.132,4,0.016,0.021
6/18/2020,Other,50-64,3167,0.121,16,0.02,0.017
6/18/2020,Other,65-79,1106,0.092,30,0.018,0.015
6/18/2020,Other,80+,471,0.071,46,0.019,0.013
6/18/2020,Other,Total,15325,0.131,98,0.019,0.027
6/18/2020,white,0-17,639,0.076,0,0,0.292
6/18/2020,white,18-34,4190,0.124,7,0.121,0.302
6/18/2020,white,35-49,4059,0.138,23,0.089,0.325
6/18/2020,white,50-64,5007,0.19,161,0.194,0.43
6/18/2020,white,65-79,3875,0.319,524,0.318,0.54
6/18/2020,white,80+,2680,0.404,997,0.42,0.572
6/18/2020,white,Total,20475,0.175,1712,0.331,0.366
6/17/2020,Asian,0-17,211,0.025,0,0,0.13
6/17/2020,Asian,18-34,2033,0.062,4,0.07,0.151
6/17/2020,Asian,35-49,2381,0.083,21,0.082,0.179
6/17/2020,Asian,50-64,2465,0.095,79,0.097,0.167
6/17/2020,Asian,65-79,1305,0.109,194,0.12,0.172
6/17/2020,Asian,80+,1019,0.155,468,0.2,0.172
6/17/2020,Asian,Total,9424,0.083,766,0.151,0.157
6/17/2020,Black,0-17,124,0.015,0,0,0.054
6/17/2020,Black,18-34,1169,0.035,5,0.088,0.065
6/17/2020,Black,35-49,1117,0.039,20,0.078,0.059
6/17/2020,Black,50-64,1367,0.053,72,0.088,0.064
6/17/2020,Black,65-79,898,0.075,181,0.112,0.055
6/17/2020,Black,80+,523,0.08,206,0.088,0.048
6/17/2020,Black,Total,5202,0.045,484,0.095,0.06
6/17/2020,Latino,0-17,5643,0.693,0,0,0.479
6/17/2020,Latino,18-34,20794,0.631,39,0.684,0.45
6/17/2020,Latino,35-49,17576,0.61,187,0.733,0.415
6/17/2020,Latino,50-64,13972,0.541,494,0.605,0.322
6/17/2020,Latino,65-79,4853,0.405,695,0.43,0.218
6/17/2020,Latino,80+,1899,0.29,641,0.274,0.196
6/17/2020,Latino,Total,64787,0.566,2057,0.405,0.389
6/17/2020,Other,0-17,1569,0.192,0,0,0.044
6/17/2020,Other,18-34,4887,0.148,2,0.035,0.032
6/17/2020,Other,35-49,3792,0.131,4,0.016,0.021
6/17/2020,Other,50-64,3077,0.12,15,0.022,0.017
6/17/2020,Other,65-79,1090,0.091,28,0.017,0.015
6/17/2020,Other,80+,460,0.07,40,0.017,0.013
6/17/2020,Other,Total,14876,0.13,89,0.018,0.027
6/17/2020,white,0-17,597,0.073,0,0,0.292
6/17/2020,white,18-34,4094,0.124,7,0.123,0.302
6/17/2020,white,35-49,3958,0.137,23,0.09,0.325
6/17/2020,white,50-64,4935,0.191,156,0.191,0.43
6/17/2020,white,65-79,3823,0.319,520,0.321,0.54
6/17/2020,white,80+,2656,0.405,981,0.42,0.572
6/17/2020,white,Total,20087,0.176,1687,0.332,0.366
6/15/2020,Asian,0-17,206,0.027,0,0,0.13
6/15/2020,Asian,18-34,2003,0.062,4,0.071,0.151
6/15/2020,Asian,35-49,2341,0.083,21,0.084,0.179
6/15/2020,Asian,50-64,2448,0.096,78,0.097,0.167
6/15/2020,Asian,65-79,1287,0.109,191,0.12,0.172
6/15/2020,Asian,80+,1010,0.156,463,0.201,0.172
6/15/2020,Asian,Total,9305,0.083,757,0.151,0.157
6/15/2020,Black,0-17,115,0.015,0,0,0.054
6/15/2020,Black,18-34,1150,0.036,5,0.089,0.065
6/15/2020,Black,35-49,1101,0.039,19,0.076,0.059
6/15/2020,Black,50-64,1347,0.053,72,0.089,0.064
6/15/2020,Black,65-79,892,0.076,179,0.112,0.055
6/15/2020,Black,80+,519,0.08,204,0.089,0.048
6/15/2020,Black,Total,5128,0.046,479,0.096,0.06
6/15/2020,Latino,0-17,5446,0.693,0,0,0.479
6/15/2020,Latino,18-34,20233,0.631,38,0.679,0.45
6/15/2020,Latino,35-49,17147,0.609,185,0.737,0.415
6/15/2020,Latino,50-64,13686,0.54,485,0.602,0.322
6/15/2020,Latino,65-79,4765,0.405,687,0.43,0.218
6/15/2020,Latino,80+,1877,0.29,633,0.275,0.196
6/15/2020,Latino,Total,63202,0.566,2029,0.405,0.389
6/15/2020,Other,0-17,1503,0.191,0,0,0.044
6/15/2020,Other,18-34,4681,0.146,2,0.036,0.032
6/15/2020,Other,35-49,3669,0.13,3,0.012,0.021
6/15/2020,Other,50-64,2984,0.118,18,0.022,0.017
6/15/2020,Other,65-79,1054,0.09,28,0.018,0.015
6/15/2020,Other,80+,444,0.069,39,0.017,0.013
6/15/2020,Other,Total,14337,0.128,90,0.018,0.027
6/15/2020,white,0-17,584,0.074,0,0,0.292
6/15/2020,white,18-34,4022,0.125,7,0.125,0.302
6/15/2020,white,35-49,3895,0.138,23,0.092,0.325
6/15/2020,white,50-64,4869,0.192,152,0.189,0.43
6/15/2020,white,65-79,3756,0.32,513,0.321,0.54
6/15/2020,white,80+,2617,0.405,965,0.419,0.572
6/15/2020,white,Total,19766,0.177,1660,0.331,0.366
6/14/2020,Asian,0-17,200,0.028,0,0,0.13
6/14/2020,Asian,18-34,1960,0.064,4,0.071,0.151
6/14/2020,Asian,35-49,2298,0.085,20,0.082,0.179
6/14/2020,Asian,50-64,2410,0.098,77,0.097,0.167
6/14/2020,Asian,65-79,1274,0.112,189,0.121,0.172
6/14/2020,Asian,80+,991,0.156,457,0.201,0.172
6/14/2020,Asian,Total,9144,0.085,747,0.152,0.157
6/14/2020,Black,0-17,109,0.015,0,0,0.054
6/14/2020,Black,18-34,1113,0.036,5,0.089,0.065
6/14/2020,Black,35-49,1074,0.04,19,0.078,0.059
6/14/2020,Black,50-64,1316,0.054,72,0.091,0.064
6/14/2020,Black,65-79,874,0.077,178,0.113,0.055
6/14/2020,Black,80+,509,0.08,197,0.087,0.048
6/14/2020,Black,Total,4999,0.047,471,0.095,0.06
6/14/2020,Latino,0-17,5063,0.692,0,0,0.479
6/14/2020,Latino,18-34,19199,0.628,38,0.679,0.45
6/14/2020,Latino,35-49,16437,0.608,181,0.739,0.415
6/14/2020,Latino,50-64,13187,0.539,476,0.602,0.322
6/14/2020,Latino,65-79,4608,0.404,672,0.427,0.218
6/14/2020,Latino,80+,1835,0.29,624,0.275,0.196
6/14/2020,Latino,Total,60377,0.563,1992,0.404,0.389
6/14/2020,Other,0-17,1391,0.189,0,0,0.044
6/14/2020,Other,18-34,4389,0.144,2,0.036,0.032
6/14/2020,Other,35-49,3413,0.126,3,0.012,0.021
6/14/2020,Other,50-64,2812,0.115,15,0.019,0.017
6/14/2020,Other,65-79,997,0.087,27,0.018,0.015
6/14/2020,Other,80+,435,0.068,39,0.017,0.013
6/14/2020,Other,Total,13439,0.125,86,0.017,0.027
6/14/2020,white,0-17,555,0.076,0,0,0.292
6/14/2020,white,18-34,3890,0.127,7,0.125,0.302
6/14/2020,white,35-49,3801,0.141,22,0.09,0.325
6/14/2020,white,50-64,4739,0.194,151,0.191,0.43
6/14/2020,white,65-79,3667,0.321,506,0.322,0.54
6/14/2020,white,80+,2565,0.405,953,0.42,0.572
6/14/2020,white,Total,19240,0.179,1639,0.332,0.366
6/13/2020,Asian,0-17,202,0.028,0,0,0.13
6/13/2020,Asian,18-34,1951,0.065,4,0.073,0.151
6/13/2020,Asian,35-49,2279,0.085,20,0.082,0.179
6/13/2020,Asian,50-64,2399,0.099,77,0.098,0.167
6/13/2020,Asian,65-79,1262,0.111,188,0.12,0.172
6/13/2020,Asian,80+,989,0.157,456,0.201,0.172
6/13/2020,Asian,Total,9093,0.086,745,0.152,0.157
6/13/2020,Black,0-17,104,0.015,0,0,0.054
6/13/2020,Black,18-34,1103,0.037,5,0.091,0.065
6/13/2020,Black,35-49,1067,0.04,19,0.078,0.059
6/13/2020,Black,50-64,1308,0.054,72,0.092,0.064
6/13/2020,Black,65-79,872,0.077,177,0.113,0.055
6/13/2020,Black,80+,508,0.081,197,0.087,0.048
6/13/2020,Black,Total,4966,0.047,470,0.096,0.06
6/13/2020,Latino,0-17,4956,0.694,0,0,0.479
6/13/2020,Latino,18-34,18967,0.631,37,0.673,0.45
6/13/2020,Latino,35-49,16251,0.609,180,0.738,0.415
6/13/2020,Latino,50-64,13067,0.54,473,0.602,0.322
6/13/2020,Latino,65-79,4582,0.405,670,0.428,0.218
6/13/2020,Latino,80+,1827,0.29,624,0.275,0.196
6/13/2020,Latino,Total,59702,0.564,1985,0.404,0.389
6/13/2020,Other,0-17,1333,0.186,0,0,0.044
6/13/2020,Other,18-34,4206,0.14,2,0.036,0.032
6/13/2020,Other,35-49,3309,0.124,3,0.012,0.021
6/13/2020,Other,50-64,2732,0.113,14,0.018,0.017
6/13/2020,Other,65-79,974,0.086,27,0.018,0.015
6/13/2020,Other,80+,418,0.066,38,0.016,0.013
6/13/2020,Other,Total,12974,0.122,84,0.017,0.027
6/13/2020,white,0-17,546,0.076,0,0,0.292
6/13/2020,white,18-34,3834,0.128,7,0.127,0.302
6/13/2020,white,35-49,3763,0.141,22,0.09,0.325
6/13/2020,white,50-64,4694,0.194,150,0.191,0.43
6/13/2020,white,65-79,3635,0.321,503,0.321,0.54
6/13/2020,white,80+,2552,0.405,950,0.419,0.572
6/13/2020,white,Total,19045,0.18,1632,0.332,0.366
6/12/2020,Asian,0-17,200,0.029,0,0,0.13
6/12/2020,Asian,18-34,1931,0.066,4,0.077,0.151
6/12/2020,Asian,35-49,2260,0.086,20,0.084,0.179
6/12/2020,Asian,50-64,2377,0.1,76,0.099,0.167
6/12/2020,Asian,65-79,1251,0.112,184,0.12,0.172
6/12/2020,Asian,80+,976,0.158,449,0.203,0.172
6/12/2020,Asian,Total,9006,0.087,733,0.153,0.157
6/12/2020,Black,0-17,103,0.015,0,0,0.054
6/12/2020,Black,18-34,1090,0.037,5,0.096,0.065
6/12/2020,Black,35-49,1057,0.04,19,0.08,0.059
6/12/2020,Black,50-64,1295,0.054,72,0.094,0.064
6/12/2020,Black,65-79,859,0.077,175,0.114,0.055
6/12/2020,Black,80+,498,0.081,187,0.085,0.048
6/12/2020,Black,Total,4906,0.047,458,0.095,0.06
6/12/2020,Latino,0-17,4807,0.694,0,0,0.479
6/12/2020,Latino,18-34,18498,0.63,34,0.654,0.45
6/12/2020,Latino,35-49,15931,0.608,174,0.734,0.415
6/12/2020,Latino,50-64,12842,0.539,464,0.603,0.322
6/12/2020,Latino,65-79,4497,0.403,655,0.427,0.218
6/12/2020,Latino,80+,1792,0.291,613,0.277,0.196
6/12/2020,Latino,Total,58415,0.563,1941,0.404,0.389
6/12/2020,Other,0-17,1283,0.186,0,0,0.044
6/12/2020,Other,18-34,4086,0.139,2,0.038,0.032
6/12/2020,Other,35-49,3227,0.123,4,0.012,0.021
6/12/2020,Other,50-64,2681,0.113,12,0.016,0.017
6/12/2020,Other,65-79,960,0.086,27,0.018,0.015
6/12/2020,Other,80+,391,0.063,36,0.016,0.013
6/12/2020,Other,Total,12630,0.121,80,0.017,0.027
6/12/2020,white,0-17,531,0.077,0,0,0.292
6/12/2020,white,18-34,3779,0.129,7,0.135,0.302
6/12/2020,white,35-49,3714,0.142,21,0.089,0.325
6/12/2020,white,50-64,4642,0.195,145,0.189,0.43
6/12/2020,white,65-79,3586,0.322,494,0.322,0.54
6/12/2020,white,80+,2510,0.407,927,0.419,0.572
6/12/2020,white,Total,18783,0.181,1594,0.332,0.366
6/11/2020,Asian,0-17,195,0.029,0,0,0.13
6/11/2020,Asian,18-34,1903,0.067,4,0.077,0.151
6/11/2020,Asian,35-49,2233,0.088,19,0.081,0.179
6/11/2020,Asian,50-64,2340,0.101,75,0.099,0.167
6/11/2020,Asian,65-79,1231,0.112,177,0.116,0.172
6/11/2020,Asian,80+,968,0.158,445,0.204,0.172
6/11/2020,Asian,Total,8880,0.087,720,0.151,0.157
6/11/2020,Black,0-17,103,0.015,0,0,0.054
6/11/2020,Black,18-34,1064,0.037,5,0.096,0.065
6/11/2020,Black,35-49,1038,0.041,19,0.081,0.059
6/11/2020,Black,50-64,1283,0.055,72,0.095,0.064
6/11/2020,Black,65-79,846,0.077,176,0.116,0.055
6/11/2020,Black,80+,494,0.081,186,0.085,0.048
6/11/2020,Black,Total,4832,0.048,458,0.096,0.06
6/11/2020,Latino,0-17,4648,0.695,0,0,0.479
6/11/2020,Latino,18-34,17926,0.629,34,0.654,0.45
6/11/2020,Latino,35-49,15544,0.607,173,0.733,0.415
6/11/2020,Latino,50-64,12549,0.537,455,0.598,0.322
6/11/2020,Latino,65-79,4416,0.403,651,0.427,0.218
6/11/2020,Latino,80+,1763,0.289,598,0.274,0.196
6/11/2020,Latino,Total,56896,0.562,1912,0.402,0.389
6/11/2020,Other,0-17,1224,0.182,0,0,0.044
6/11/2020,Other,18-34,3912,0.138,2,0.038,0.032
6/11/2020,Other,35-49,3112,0.121,4,0.016,0.021
6/11/2020,Other,50-64,2605,0.111,14,0.019,0.017
6/11/2020,Other,65-79,933,0.085,28,0.019,0.015
6/11/2020,Other,80+,384,0.063,38,0.018,0.013
6/11/2020,Other,Total,12172,0.12,86,0.018,0.027
6/11/2020,white,0-17,517,0.077,0,0,0.292
6/11/2020,white,18-34,3707,0.13,7,0.135,0.302
6/11/2020,white,35-49,3664,0.143,21,0.089,0.325
6/11/2020,white,50-64,4596,0.197,145,0.191,0.43
6/11/2020,white,65-79,3540,0.323,491,0.322,0.54
6/11/2020,white,80+,2485,0.408,918,0.42,0.572
6/11/2020,white,Total,18528,0.183,1582,0.332,0.366
6/10/2020,Asian,0-17,193,0.03,0,0,0.13
6/10/2020,Asian,18-34,1888,0.067,4,0.077,0.151
6/10/2020,Asian,35-49,2211,0.088,18,0.078,0.179
6/10/2020,Asian,50-64,2328,0.102,74,0.099,0.167
6/10/2020,Asian,65-79,1216,0.112,176,0.117,0.172
6/10/2020,Asian,80+,963,0.159,440,0.204,0.172
6/10/2020,Asian,Total,8809,0.088,712,0.151,0.157
6/10/2020,Black,0-17,99,0.015,0,0,0.054
6/10/2020,Black,18-34,1051,0.038,5,0.096,0.065
6/10/2020,Black,35-49,1026,0.041,19,0.082,0.059
6/10/2020,Black,50-64,1269,0.055,71,0.095,0.064
6/10/2020,Black,65-79,838,0.077,174,0.116,0.055
6/10/2020,Black,80+,490,0.081,185,0.086,0.048
6/10/2020,Black,Total,4777,0.048,454,0.097,0.06
6/10/2020,Latino,0-17,4490,0.692,0,0,0.479
6/10/2020,Latino,18-34,17410,0.624,34,0.654,0.45
6/10/2020,Latino,35-49,15155,0.604,171,0.74,0.415
6/10/2020,Latino,50-64,12262,0.534,446,0.598,0.322
6/10/2020,Latino,65-79,4338,0.401,645,0.429,0.218
6/10/2020,Latino,80+,1737,0.288,591,0.274,0.196
6/10/2020,Latino,Total,55439,0.558,1888,0.402,0.389
6/10/2020,Other,0-17,1203,0.186,0,0,0.044
6/10/2020,Other,18-34,3866,0.139,2,0.038,0.032
6/10/2020,Other,35-49,3087,0.122,4,0.017,0.021
6/10/2020,Other,50-64,2574,0.112,14,0.019,0.017
6/10/2020,Other,65-79,938,0.086,29,0.02,0.015
6/10/2020,Other,80+,385,0.063,37,0.017,0.013
6/10/2020,Other,Total,12056,0.121,86,0.019,0.027
6/10/2020,white,0-17,502,0.077,0,0,0.292
6/10/2020,white,18-34,3664,0.131,7,0.135,0.302
6/10/2020,white,35-49,3630,0.145,19,0.082,0.325
6/10/2020,white,50-64,4543,0.198,141,0.189,0.43
6/10/2020,white,65-79,3501,0.323,481,0.32,0.54
6/10/2020,white,80+,2454,0.407,905,0.419,0.572
6/10/2020,white,Total,18312,0.184,1553,0.331,0.366
6/2/2020,Asian,0-17,165,0.034,0,0,0.13
6/2/2020,Asian,18-34,1683,0.074,3,0.068,0.151
6/2/2020,Asian,35-49,2036,0.097,17,0.086,0.179
6/2/2020,Asian,50-64,2150,0.11,69,0.106,0.167
6/2/2020,Asian,65-79,1117,0.117,154,0.114,0.172
6/2/2020,Asian,80+,879,0.166,401,0.208,0.172
6/2/2020,Asian,Total,8039,0.097,644,0.154,0.157
6/2/2020,Black,0-17,82,0.017,0,0,0.054
6/2/2020,Black,18-34,918,0.041,4,0.091,0.065
6/2/2020,Black,35-49,920,0.044,17,0.086,0.059
6/2/2020,Black,50-64,1160,0.059,63,0.097,0.064
6/2/2020,Black,65-79,773,0.081,159,0.119,0.055
6/2/2020,Black,80+,441,0.083,171,0.089,0.048
6/2/2020,Black,Total,4298,0.052,414,0.1,0.06
6/2/2020,Latino,0-17,3381,0.692,0,0,0.479
6/2/2020,Latino,18-34,13796,0.61,30,0.682,0.45
6/2/2020,Latino,35-49,12379,0.59,146,0.741,0.415
6/2/2020,Latino,50-64,10209,0.518,382,0.59,0.322
6/2/2020,Latino,65-79,3717,0.387,559,0.417,0.218
6/2/2020,Latino,80+,1459,0.275,514,0.267,0.196
6/2/2020,Latino,Total,44975,0.541,1631,0.392,0.389
6/2/2020,Other,0-17,855,0.175,0,0,0.044
6/2/2020,Other,18-34,2967,0.131,2,0.045,0.032
6/2/2020,Other,35-49,2437,0.116,3,0.015,0.021
6/2/2020,Other,50-64,2061,0.105,10,0.016,0.017
6/2/2020,Other,65-79,796,0.083,26,0.02,0.015
6/2/2020,Other,80+,319,0.059,31,0.016,0.013
6/2/2020,Other,Total,9437,0.114,72,0.017,0.027
6/2/2020,white,0-17,402,0.082,0,0,0.292
6/2/2020,white,18-34,3236,0.143,5,0.114,0.302
6/2/2020,white,35-49,3222,0.153,14,0.071,0.325
6/2/2020,white,50-64,4116,0.209,124,0.191,0.43
6/2/2020,white,65-79,3191,0.333,442,0.33,0.54
6/2/2020,white,80+,2217,0.417,810,0.42,0.572
6/2/2020,white,Total,16402,0.197,1395,0.336,0.366
6/1/2020,Asian,0-17,159,0.034,0,0,0.13
6/1/2020,Asian,18-34,1665,0.075,3,0.068,0.151
6/1/2020,Asian,35-49,1996,0.097,17,0.092,0.179
6/1/2020,Asian,50-64,2125,0.11,67,0.107,0.167
6/1/2020,Asian,65-79,1105,0.117,154,0.117,0.172
6/1/2020,Asian,80+,862,0.165,390,0.207,0.172
6/1/2020,Asian,Total,7922,0.098,631,0.155,0.157
6/1/2020,Black,0-17,82,0.018,0,0,0.054
6/1/2020,Black,18-34,895,0.041,4,0.091,0.065
6/1/2020,Black,35-49,904,0.044,17,0.091,0.059
6/1/2020,Black,50-64,1139,0.059,63,0.1,0.064
6/1/2020,Black,65-79,765,0.081,157,0.119,0.055
6/1/2020,Black,80+,429,0.082,167,0.089,0.048
6/1/2020,Black,Total,4218,0.052,408,0.1,0.06
6/1/2020,Latino,0-17,3260,0.699,0,0,0.479
6/1/2020,Latino,18-34,13481,0.613,30,0.682,0.45
6/1/2020,Latino,35-49,12091,0.591,138,0.742,0.415
6/1/2020,Latino,50-64,10007,0.519,368,0.584,0.322
6/1/2020,Latino,65-79,3649,0.387,542,0.412,0.218
6/1/2020,Latino,80+,1429,0.274,504,0.268,0.196
6/1/2020,Latino,Total,43951,0.542,1582,0.39,0.389
6/1/2020,Other,0-17,781,0.168,0,0,0.044
6/1/2020,Other,18-34,2803,0.127,2,0.045,0.032
6/1/2020,Other,35-49,2303,0.113,2,0.01,0.021
6/1/2020,Other,50-64,1974,0.103,10,0.016,0.017
6/1/2020,Other,65-79,764,0.08,25,0.019,0.015
6/1/2020,Other,80+,308,0.058,31,0.016,0.013
6/1/2020,Other,Total,8935,0.11,70,0.016,0.027
6/1/2020,white,0-17,383,0.082,0,0,0.292
6/1/2020,white,18-34,3161,0.144,5,0.114,0.302
6/1/2020,white,35-49,3166,0.155,12,0.065,0.325
6/1/2020,white,50-64,4049,0.21,122,0.194,0.43
6/1/2020,white,65-79,3146,0.334,438,0.333,0.54
6/1/2020,white,80+,2194,0.42,792,0.42,0.572
6/1/2020,white,Total,16114,0.199,1369,0.337,0.366
5/31/2020,Asian,0-17,157,0.034,0,0,0.13
5/31/2020,Asian,18-34,1648,0.076,3,0.071,0.151
5/31/2020,Asian,35-49,1984,0.098,16,0.087,0.179
5/31/2020,Asian,50-64,2108,0.11,67,0.108,0.167
5/31/2020,Asian,65-79,1094,0.117,154,0.119,0.172
5/31/2020,Asian,80+,853,0.166,384,0.208,0.172
5/31/2020,Asian,Total,7854,0.099,624,0.156,0.157
5/31/2020,Black,0-17,82,0.018,0,0,0.054
5/31/2020,Black,18-34,882,0.041,3,0.071,0.065
5/31/2020,Black,35-49,898,0.045,16,0.087,0.059
5/31/2020,Black,50-64,1127,0.059,62,0.099,0.064
5/31/2020,Black,65-79,757,0.081,155,0.119,0.055
5/31/2020,Black,80+,422,0.082,163,0.088,0.048
5/31/2020,Black,Total,4172,0.052,399,0.1,0.06
5/31/2020,Latino,0-17,3202,0.705,0,0,0.479
5/31/2020,Latino,18-34,13309,0.616,30,0.714,0.45
5/31/2020,Latino,35-49,11932,0.593,138,0.75,0.415
5/31/2020,Latino,50-64,9903,0.521,364,0.582,0.322
5/31/2020,Latino,65-79,3616,0.387,536,0.412,0.218
5/31/2020,Latino,80+,1397,0.272,495,0.268,0.196
5/31/2020,Latino,Total,43392,0.543,1563,0.39,0.389
5/31/2020,Other,0-17,724,0.16,0,0,0.044
5/31/2020,Other,18-34,2643,0.122,2,0.048,0.032
5/31/2020,Other,35-49,2180,0.108,2,0.01,0.021
5/31/2020,Other,50-64,1878,0.099,10,0.016,0.017
5/31/2020,Other,65-79,745,0.08,26,0.02,0.015
5/31/2020,Other,80+,302,0.058,33,0.017,0.013
5/31/2020,Other,Total,8474,0.106,73,0.017,0.027
5/31/2020,white,0-17,374,0.082,0,0,0.292
5/31/2020,white,18-34,3132,0.145,4,0.095,0.302
5/31/2020,white,35-49,3137,0.156,12,0.065,0.325
5/31/2020,white,50-64,4009,0.211,122,0.195,0.43
5/31/2020,white,65-79,3121,0.334,431,0.331,0.54
5/31/2020,white,80+,2166,0.421,775,0.419,0.572
5/31/2020,white,Total,15954,0.2,1344,0.336,0.366
5/30/2020,Asian,0-17,155,0.035,0,0,0.13
5/30/2020,Asian,18-34,1642,0.077,3,0.073,0.151
5/30/2020,Asian,35-49,1978,0.099,16,0.087,0.179
5/30/2020,Asian,50-64,2096,0.111,66,0.107,0.167
5/30/2020,Asian,65-79,1093,0.119,154,0.12,0.172
5/30/2020,Asian,80+,848,0.167,380,0.207,0.172
5/30/2020,Asian,Total,7821,0.1,619,0.156,0.157
5/30/2020,Black,0-17,82,0.019,0,0,0.054
5/30/2020,Black,18-34,869,0.041,3,0.073,0.065
5/30/2020,Black,35-49,889,0.045,16,0.087,0.059
5/30/2020,Black,50-64,1120,0.06,62,0.101,0.064
5/30/2020,Black,65-79,753,0.082,154,0.12,0.055
5/30/2020,Black,80+,420,0.083,162,0.088,0.048
5/30/2020,Black,Total,4137,0.053,397,0.1,0.06
5/30/2020,Latino,0-17,3159,0.717,0,0,0.479
5/30/2020,Latino,18-34,13121,0.619,29,0.707,0.45
5/30/2020,Latino,35-49,11814,0.596,138,0.75,0.415
5/30/2020,Latino,50-64,9812,0.522,357,0.58,0.322
5/30/2020,Latino,65-79,3575,0.387,527,0.409,0.218
5/30/2020,Latino,80+,1385,0.272,494,0.269,0.196
5/30/2020,Latino,Total,42897,0.545,1545,0.39,0.389
5/30/2020,Other,0-17,638,0.145,0,0,0.044
5/30/2020,Other,18-34,2466,0.117,2,0.049,0.032
5/30/2020,Other,35-49,2046,0.103,2,0.01,0.021
5/30/2020,Other,50-64,1792,0.096,10,0.016,0.017
5/30/2020,Other,65-79,711,0.076,25,0.019,0.015
5/30/2020,Other,80+,286,0.056,33,0.018,0.013
5/30/2020,Other,Total,7941,0.101,72,0.019,0.027
5/30/2020,white,0-17,373,0.085,0,0,0.292
5/30/2020,white,18-34,3113,0.147,4,0.098,0.302
5/30/2020,white,35-49,3111,0.157,12,0.065,0.325
5/30/2020,white,50-64,3986,0.212,120,0.195,0.43
5/30/2020,white,65-79,3098,0.336,428,0.332,0.54
5/30/2020,white,80+,2147,0.422,769,0.418,0.572
5/30/2020,white,Total,15843,0.201,1333,0.336,0.366
5/29/2020,Asian,0-17,149,0.036,0,0,0.13
5/29/2020,Asian,18-34,1617,0.08,3,0.077,0.151
5/29/2020,Asian,35-49,1943,0.101,15,0.083,0.179
5/29/2020,Asian,50-64,2073,0.114,66,0.108,0.167
5/29/2020,Asian,65-79,1076,0.12,147,0.116,0.172
5/29/2020,Asian,80+,831,0.167,375,0.208,0.172
5/29/2020,Asian,Total,7698,0.102,606,0.155,0.157
5/29/2020,Black,0-17,80,0.02,0,0,0.054
5/29/2020,Black,18-34,846,0.042,3,0.077,0.065
5/29/2020,Black,35-49,873,0.046,15,0.083,0.059
5/29/2020,Black,50-64,1101,0.06,62,0.102,0.064
5/29/2020,Black,65-79,738,0.082,151,0.12,0.055
5/29/2020,Black,80+,403,0.081,158,0.088,0.048
5/29/2020,Black,Total,4045,0.053,389,0.1,0.06
5/29/2020,Latino,0-17,2977,0.728,0,0,0.479
5/29/2020,Latino,18-34,12626,0.622,28,0.718,0.45
5/29/2020,Latino,35-49,11418,0.597,135,0.75,0.415
5/29/2020,Latino,50-64,9527,0.522,351,0.578,0.322
5/29/2020,Latino,65-79,3467,0.386,515,0.408,0.218
5/29/2020,Latino,80+,1340,0.27,477,0.265,0.196
5/29/2020,Latino,Total,41386,0.546,1506,0.387,0.389
5/29/2020,Other,0-17,540,0.132,0,0,0.044
5/29/2020,Other,18-34,2231,0.11,2,0.051,0.032
5/29/2020,Other,35-49,1878,0.098,2,0.012,0.021
5/29/2020,Other,50-64,1671,0.092,9,0.014,0.017
5/29/2020,Other,65-79,681,0.076,28,0.022,0.015
5/29/2020,Other,80+,280,0.056,33,0.018,0.013
5/29/2020,Other,Total,7283,0.096,74,0.019,0.027
5/29/2020,white,0-17,342,0.084,0,0,0.292
5/29/2020,white,18-34,2974,0.147,3,0.077,0.302
5/29/2020,white,35-49,3010,0.157,13,0.072,0.325
5/29/2020,white,50-64,3877,0.212,119,0.196,0.43
5/29/2020,white,65-79,3030,0.337,422,0.334,0.54
5/29/2020,white,80+,2111,0.425,760,0.422,0.572
5/29/2020,white,Total,15357,0.203,1317,0.338,0.366
5/28/2020,Asian,0-17,143,0.037,0,0,0.13
5/28/2020,Asian,18-34,1554,0.08,3,0.077,0.151
5/28/2020,Asian,35-49,1884,0.101,14,0.079,0.179
5/28/2020,Asian,50-64,2024,0.114,65,0.111,0.167
5/28/2020,Asian,65-79,1055,0.12,144,0.116,0.172
5/28/2020,Asian,80+,822,0.168,367,0.208,0.172
5/28/2020,Asian,Total,7491,0.102,593,0.156,0.157
5/28/2020,Black,0-17,74,0.019,0,0,0.054
5/28/2020,Black,18-34,807,0.041,3,0.077,0.065
5/28/2020,Black,35-49,849,0.046,15,0.085,0.059
5/28/2020,Black,50-64,1066,0.06,61,0.104,0.064
5/28/2020,Black,65-79,718,0.082,148,0.119,0.055
5/28/2020,Black,80+,396,0.081,156,0.088,0.048
5/28/2020,Black,Total,3914,0.053,383,0.101,0.06
5/28/2020,Latino,0-17,2838,0.734,0,0,0.479
5/28/2020,Latino,18-34,12227,0.625,28,0.718,0.45
5/28/2020,Latino,35-49,11087,0.598,131,0.744,0.415
5/28/2020,Latino,50-64,9266,0.521,332,0.565,0.322
5/28/2020,Latino,65-79,3375,0.384,505,0.408,0.218
5/28/2020,Latino,80+,1311,0.269,469,0.266,0.196
5/28/2020,Latino,Total,40134,0.546,1465,0.385,0.389
5/28/2020,Other,0-17,480,0.124,0,0,0.044
5/28/2020,Other,18-34,2036,0.104,2,0.051,0.032
5/28/2020,Other,35-49,1769,0.095,3,0.017,0.021
5/28/2020,Other,50-64,1581,0.09,11,0.018,0.017
5/28/2020,Other,65-79,661,0.075,29,0.023,0.015
5/28/2020,Other,80+,270,0.055,33,0.018,0.013
5/28/2020,Other,Total,6799,0.092,78,0.021,0.027
5/28/2020,white,0-17,332,0.086,0,0,0.292
5/28/2020,white,18-34,2925,0.15,3,0.077,0.302
5/28/2020,white,35-49,2963,0.16,13,0.074,0.325
5/28/2020,white,50-64,3834,0.216,119,0.202,0.43
5/28/2020,white,65-79,2986,0.34,413,0.333,0.54
5/28/2020,white,80+,2081,0.426,741,0.42,0.572
5/28/2020,white,Total,15132,0.206,1289,0.338,0.366
5/27/2020,Asian,0-17,141,0.038,0,0,0.13
5/27/2020,Asian,18-34,1527,0.081,3,0.077,0.151
5/27/2020,Asian,35-49,1863,0.104,14,0.08,0.179
5/27/2020,Asian,50-64,2003,0.115,63,0.111,0.167
5/27/2020,Asian,65-79,1042,0.12,141,0.116,0.172
5/27/2020,Asian,80+,817,0.17,359,0.207,0.172
5/27/2020,Asian,Total,7402,0.103,580,0.156,0.157
5/27/2020,Black,0-17,71,0.019,0,0,0.054
5/27/2020,Black,18-34,794,0.042,3,0.077,0.065
5/27/2020,Black,35-49,830,0.046,15,0.086,0.059
5/27/2020,Black,50-64,1058,0.061,59,0.104,0.064
5/27/2020,Black,65-79,714,0.083,146,0.12,0.055
5/27/2020,Black,80+,393,0.082,154,0.089,0.048
5/27/2020,Black,Total,3863,0.054,377,0.101,0.06
5/27/2020,Latino,0-17,2711,0.737,0,0,0.479
5/27/2020,Latino,18-34,11848,0.627,28,0.718,0.45
5/27/2020,Latino,35-49,10758,0.596,128,0.736,0.415
5/27/2020,Latino,50-64,9022,0.52,318,0.561,0.322
5/27/2020,Latino,65-79,3282,0.38,495,0.407,0.218
5/27/2020,Latino,80+,1281,0.267,465,0.268,0.196
5/27/2020,Latino,Total,38929,0.545,1434,0.384,0.389
5/27/2020,Other,0-17,430,0.117,0,0,0.044
5/27/2020,Other,18-34,1863,0.098,2,0.051,0.032
5/27/2020,Other,35-49,1661,0.091,4,0.023,0.021
5/27/2020,Other,50-64,1497,0.087,10,0.019,0.017
5/27/2020,Other,65-79,638,0.074,28,0.023,0.015
5/27/2020,Other,80+,261,0.054,35,0.019,0.013
5/27/2020,Other,Total,6352,0.089,79,0.022,0.027
5/27/2020,white,0-17,325,0.088,0,0,0.292
5/27/2020,white,18-34,2872,0.152,3,0.077,0.302
5/27/2020,white,35-49,2924,0.162,13,0.075,0.325
5/27/2020,white,50-64,3780,0.218,117,0.206,0.43
5/27/2020,white,65-79,2956,0.342,406,0.334,0.54
5/27/2020,white,80+,2047,0.427,721,0.416,0.572
5/27/2020,white,Total,14915,0.209,1260,0.338,0.366
5/22/2020,Asian,0-17,119,0.04,0,0,0.13
5/22/2020,Asian,18-34,1439,0.087,3,0.086,0.151
5/22/2020,Asian,35-49,1766,0.11,12,0.073,0.179
5/22/2020,Asian,50-64,1900,0.121,59,0.111,0.167
5/22/2020,Asian,65-79,982,0.124,136,0.119,0.172
5/22/2020,Asian,80+,788,0.175,338,0.207,0.172
5/22/2020,Asian,Total,7004,0.11,548,0.156,0.157
5/22/2020,Black,0-17,63,0.022,0,0,0.054
5/22/2020,Black,18-34,742,0.045,3,0.086,0.065
5/22/2020,Black,35-49,785,0.049,15,0.091,0.059
5/22/2020,Black,50-64,986,0.063,58,0.109,0.064
5/22/2020,Black,65-79,665,0.084,137,0.12,0.055
5/22/2020,Black,80+,373,0.083,144,0.088,0.048
5/22/2020,Black,Total,3616,0.057,357,0.102,0.06
5/22/2020,Latino,0-17,2290,0.785,0,0,0.479
5/22/2020,Latino,18-34,10509,0.64,24,0.686,0.45
5/22/2020,Latino,35-49,9648,0.602,121,0.738,0.415
5/22/2020,Latino,50-64,8181,0.521,293,0.55,0.322
5/22/2020,Latino,65-79,2988,0.378,458,0.401,0.218
5/22/2020,Latino,80+,1176,0.261,433,0.266,0.196
5/22/2020,Latino,Total,34809,0.548,1329,0.379,0.389
5/22/2020,Other,0-17,157,0.054,0,0,0.044
5/22/2020,Other,18-34,1055,0.064,1,0.029,0.032
5/22/2020,Other,35-49,1043,0.065,3,0.018,0.021
5/22/2020,Other,50-64,1080,0.069,10,0.019,0.017
5/22/2020,Other,65-79,506,0.064,30,0.026,0.015
5/22/2020,Other,80+,226,0.051,31,0.019,0.013
5/22/2020,Other,Total,4069,0.064,75,0.022,0.027
5/22/2020,white,0-17,290,0.099,0,0,0.292
5/22/2020,white,18-34,2667,0.163,4,0.114,0.302
5/22/2020,white,35-49,2778,0.173,13,0.079,0.325
5/22/2020,white,50-64,3562,0.227,113,0.212,0.43
5/22/2020,white,65-79,2764,0.35,382,0.334,0.54
5/22/2020,white,80+,1936,0.43,683,0.419,0.572
5/22/2020,white,Total,14007,0.221,1195,0.341,0.366
5/21/2020,Asian,0-17,113,0.041,0,0,0.13
5/21/2020,Asian,18-34,1416,0.089,3,0.086,0.151
5/21/2020,Asian,35-49,1745,0.112,11,0.067,0.179
5/21/2020,Asian,50-64,1870,0.122,58,0.111,0.167
5/21/2020,Asian,65-79,973,0.126,135,0.12,0.172
5/21/2020,Asian,80+,776,0.176,334,0.206,0.172
5/21/2020,Asian,Total,6903,0.112,541,0.157,0.157
5/21/2020,Black,0-17,60,0.022,0,0,0.054
5/21/2020,Black,18-34,731,0.046,3,0.086,0.065
5/21/2020,Black,35-49,767,0.049,15,0.092,0.059
5/21/2020,Black,50-64,966,0.063,56,0.107,0.064
5/21/2020,Black,65-79,648,0.084,135,0.12,0.055
5/21/2020,Black,80+,359,0.081,144,0.089,0.048
5/21/2020,Black,Total,3533,0.057,353,0.102,0.06
5/21/2020,Latino,0-17,2160,0.781,0,0,0.479
5/21/2020,Latino,18-34,10151,0.638,24,0.686,0.45
5/21/2020,Latino,35-49,9313,0.598,120,0.736,0.415
5/21/2020,Latino,50-64,7932,0.518,287,0.549,0.322
5/21/2020,Latino,65-79,2910,0.376,448,0.4,0.218
5/21/2020,Latino,80+,1151,0.261,429,0.266,0.196
5/21/2020,Latino,Total,33639,0.545,1308,0.378,0.389
5/21/2020,Other,0-17,142,0.051,0,0,0.044
5/21/2020,Other,18-34,1006,0.063,1,0.029,0.032
5/21/2020,Other,35-49,1004,0.065,4,0.024,0.021
5/21/2020,Other,50-64,1047,0.069,10,0.019,0.017
5/21/2020,Other,65-79,496,0.064,29,0.025,0.015
5/21/2020,Other,80+,218,0.049,31,0.019,0.013
5/21/2020,Other,Total,3916,0.064,75,0.022,0.027
5/21/2020,white,0-17,289,0.105,0,0,0.292
5/21/2020,white,18-34,2608,0.164,4,0.114,0.302
5/21/2020,white,35-49,2738,0.176,13,0.08,0.325
5/21/2020,white,50-64,3496,0.228,112,0.214,0.43
5/21/2020,white,65-79,2716,0.351,374,0.334,0.54
5/21/2020,white,80+,1905,0.432,677,0.419,0.572
5/21/2020,white,Total,13762,0.223,1180,0.341,0.366
5/20/2020,Asian,0-17,109,0.042,0,0,0.13
5/20/2020,Asian,18-34,1388,0.091,3,0.086,0.151
5/20/2020,Asian,35-49,1707,0.113,10,0.064,0.179
5/20/2020,Asian,50-64,1834,0.123,56,0.11,0.167
5/20/2020,Asian,65-79,961,0.126,134,0.123,0.172
5/20/2020,Asian,80+,754,0.175,332,0.21,0.172
5/20/2020,Asian,Total,6763,0.112,535,0.158,0.157
5/20/2020,Black,0-17,56,0.021,0,0,0.054
5/20/2020,Black,18-34,714,0.046,3,0.086,0.065
5/20/2020,Black,35-49,754,0.05,14,0.089,0.059
5/20/2020,Black,50-64,954,0.064,56,0.11,0.064
5/20/2020,Black,65-79,635,0.084,130,0.119,0.055
5/20/2020,Black,80+,350,0.082,141,0.089,0.048
5/20/2020,Black,Total,3465,0.058,344,0.102,0.06
5/20/2020,Latino,0-17,2046,0.783,0,0,0.479
5/20/2020,Latino,18-34,9824,0.638,24,0.686,0.45
5/20/2020,Latino,35-49,9070,0.599,117,0.741,0.415
5/20/2020,Latino,50-64,7751,0.518,278,0.544,0.322
5/20/2020,Latino,65-79,2842,0.375,434,0.398,0.218
5/20/2020,Latino,80+,1111,0.259,418,0.264,0.196
5/20/2020,Latino,Total,32662,0.544,1271,0.376,0.389
5/20/2020,Other,0-17,131,0.051,0,0,0.044
5/20/2020,Other,18-34,956,0.062,1,0.029,0.032
5/20/2020,Other,35-49,940,0.063,4,0.026,0.021
5/20/2020,Other,50-64,990,0.067,10,0.02,0.017
5/20/2020,Other,65-79,479,0.064,29,0.027,0.015
5/20/2020,Other,80+,218,0.05,29,0.018,0.013
5/20/2020,Other,Total,3717,0.062,73,0.022,0.027
5/20/2020,white,0-17,272,0.104,0,0,0.292
5/20/2020,white,18-34,2526,0.164,4,0.114,0.302
5/20/2020,white,35-49,2681,0.177,13,0.082,0.325
5/20/2020,white,50-64,3427,0.229,111,0.217,0.43
5/20/2020,white,65-79,2664,0.351,364,0.334,0.54
5/20/2020,white,80+,1858,0.433,666,0.42,0.572
5/20/2020,white,Total,13437,0.224,1158,0.343,0.366
5/19/2020,Asian,0-17,106,0.042,0,0,0.13
5/19/2020,Asian,18-34,1365,0.092,3,0.088,0.151
5/19/2020,Asian,35-49,1678,0.114,10,0.064,0.179
5/19/2020,Asian,50-64,1814,0.124,54,0.109,0.167
5/19/2020,Asian,65-79,948,0.127,131,0.123,0.172
5/19/2020,Asian,80+,745,0.176,325,0.21,0.172
5/19/2020,Asian,Total,6666,0.114,523,0.159,0.157
5/19/2020,Black,0-17,54,0.022,0,0,0.054
5/19/2020,Black,18-34,697,0.047,3,0.088,0.065
5/19/2020,Black,35-49,750,0.051,14,0.09,0.059
5/19/2020,Black,50-64,944,0.065,55,0.111,0.064
5/19/2020,Black,65-79,624,0.084,124,0.117,0.055
5/19/2020,Black,80+,348,0.082,139,0.09,0.048
5/19/2020,Black,Total,3418,0.059,335,0.102,0.06
5/19/2020,Latino,0-17,1920,0.777,0,0,0.479
5/19/2020,Latino,18-34,9399,0.632,23,0.676,0.45
5/19/2020,Latino,35-49,8772,0.595,115,0.737,0.415
5/19/2020,Latino,50-64,7483,0.514,268,0.541,0.322
5/19/2020,Latino,65-79,2761,0.371,422,0.398,0.218
5/19/2020,Latino,80+,1082,0.256,407,0.263,0.196
5/19/2020,Latino,Total,31432,0.539,1235,0.375,0.389
5/19/2020,Other,0-17,131,0.053,0,0,0.044
5/19/2020,Other,18-34,942,0.063,1,0.029,0.032
5/19/2020,Other,35-49,914,0.063,4,0.026,0.021
5/19/2020,Other,50-64,973,0.067,10,0.02,0.017
5/19/2020,Other,65-79,475,0.065,33,0.031,0.015
5/19/2020,Other,80+,208,0.049,27,0.017,0.013
5/19/2020,Other,Total,3645,0.063,75,0.023,0.027
5/19/2020,white,0-17,261,0.106,0,0,0.292
5/19/2020,white,18-34,2464,0.166,4,0.118,0.302
5/19/2020,white,35-49,2624,0.178,13,0.083,0.325
5/19/2020,white,50-64,3356,0.23,108,0.218,0.43
5/19/2020,white,65-79,2628,0.353,349,0.33,0.54
5/19/2020,white,80+,1843,0.436,651,0.42,0.572
5/19/2020,white,Total,13185,0.226,1125,0.342,0.366
5/18/2020,Asian,0-17,105,0.045,0,0,0.13
5/18/2020,Asian,18-34,1336,0.093,3,0.094,0.151
5/18/2020,Asian,35-49,1646,0.115,10,0.065,0.179
5/18/2020,Asian,50-64,1784,0.126,53,0.112,0.167
5/18/2020,Asian,65-79,936,0.128,125,0.124,0.172
5/18/2020,Asian,80+,729,0.176,311,0.206,0.172
5/18/2020,Asian,Total,6545,0.116,502,0.157,0.157
5/18/2020,Black,0-17,51,0.022,0,0,0.054
5/18/2020,Black,18-34,672,0.047,3,0.094,0.065
5/18/2020,Black,35-49,731,0.051,14,0.092,0.059
5/18/2020,Black,50-64,923,0.065,52,0.11,0.064
5/18/2020,Black,65-79,613,0.084,118,0.117,0.055
5/18/2020,Black,80+,343,0.083,136,0.09,0.048
5/18/2020,Black,Total,3334,0.059,323,0.102,0.06
5/18/2020,Latino,0-17,1797,0.769,0,0,0.479
5/18/2020,Latino,18-34,9077,0.63,21,0.656,0.45
5/18/2020,Latino,35-49,8482,0.591,112,0.732,0.415
5/18/2020,Latino,50-64,7265,0.51,254,0.538,0.322
5/18/2020,Latino,65-79,2697,0.369,403,0.398,0.218
5/18/2020,Latino,80+,1059,0.256,397,0.263,0.196
5/18/2020,Latino,Total,30391,0.535,1187,0.374,0.389
5/18/2020,Other,0-17,130,0.056,0,0,0.044
5/18/2020,Other,18-34,915,0.063,1,0.031,0.032
5/18/2020,Other,35-49,910,0.064,4,0.026,0.021
5/18/2020,Other,50-64,972,0.068,11,0.023,0.017
5/18/2020,Other,65-79,464,0.064,30,0.03,0.015
5/18/2020,Other,80+,206,0.05,24,0.015,0.013
5/18/2020,Other,Total,3599,0.064,70,0.022,0.027
5/18/2020,white,0-17,254,0.109,0,0,0.292
5/18/2020,white,18-34,2417,0.168,4,0.125,0.302
5/18/2020,white,35-49,2582,0.18,13,0.085,0.325
5/18/2020,white,50-64,3300,0.232,102,0.216,0.43
5/18/2020,white,65-79,2595,0.355,336,0.332,0.54
5/18/2020,white,80+,1802,0.435,641,0.425,0.572
5/18/2020,white,Total,12960,0.228,1096,0.345,0.366
5/17/2020,Asian,0-17,105,0.047,0,0,0.13
5/17/2020,Asian,18-34,1322,0.094,3,0.094,0.151
5/17/2020,Asian,35-49,1630,0.116,10,0.067,0.179
5/17/2020,Asian,50-64,1769,0.127,54,0.114,0.167
5/17/2020,Asian,65-79,929,0.13,125,0.125,0.172
5/17/2020,Asian,80+,725,0.177,308,0.206,0.172
5/17/2020,Asian,Total,6489,0.117,500,0.159,0.157
5/17/2020,Black,0-17,49,0.022,0,0,0.054
5/17/2020,Black,18-34,653,0.047,3,0.094,0.065
5/17/2020,Black,35-49,716,0.051,14,0.093,0.059
5/17/2020,Black,50-64,906,0.065,52,0.11,0.064
5/17/2020,Black,65-79,603,0.084,117,0.117,0.055
5/17/2020,Black,80+,339,0.083,135,0.09,0.048
5/17/2020,Black,Total,3267,0.059,321,0.102,0.06
5/17/2020,Latino,0-17,1741,0.777,0,0,0.479
5/17/2020,Latino,18-34,8842,0.63,21,0.656,0.45
5/17/2020,Latino,35-49,8268,0.59,110,0.733,0.415
5/17/2020,Latino,50-64,7117,0.51,253,0.537,0.322
5/17/2020,Latino,65-79,2663,0.37,394,0.395,0.218
5/17/2020,Latino,80+,1049,0.256,395,0.264,0.196
5/17/2020,Latino,Total,29693,0.534,1173,0.373,0.389
5/17/2020,Other,0-17,119,0.052,0,0,0.044
5/17/2020,Other,18-34,898,0.065,1,0.031,0.032
5/17/2020,Other,35-49,893,0.064,4,0.026,0.021
5/17/2020,Other,50-64,938,0.068,11,0.023,0.017
5/17/2020,Other,65-79,452,0.063,30,0.03,0.015
5/17/2020,Other,80+,206,0.05,25,0.016,0.013
5/17/2020,Other,Total,3508,0.063,71,0.022,0.027
5/17/2020,white,0-17,227,0.101,0,0,0.292
5/17/2020,white,18-34,2324,0.166,4,0.125,0.302
5/17/2020,white,35-49,2505,0.179,12,0.08,0.325
5/17/2020,white,50-64,3212,0.23,101,0.214,0.43
5/17/2020,white,65-79,2547,0.354,332,0.333,0.54
5/17/2020,white,80+,1773,0.433,631,0.422,0.572
5/17/2020,white,Total,12598,0.227,1080,0.343,0.366
5/16/2020,Asian,0-17,95,0.044,0,0,0.13
5/16/2020,Asian,18-34,1282,0.093,3,0.097,0.151
5/16/2020,Asian,35-49,1596,0.116,10,0.068,0.179
5/16/2020,Asian,50-64,1725,0.125,53,0.116,0.167
5/16/2020,Asian,65-79,910,0.129,124,0.127,0.172
5/16/2020,Asian,80+,712,0.177,305,0.211,0.172
5/16/2020,Asian,Total,6330,0.116,496,0.162,0.157
5/16/2020,Black,0-17,48,0.022,0,0,0.054
5/16/2020,Black,18-34,643,0.047,3,0.097,0.065
5/16/2020,Black,35-49,708,0.051,14,0.095,0.059
5/16/2020,Black,50-64,898,0.065,50,0.109,0.064
5/16/2020,Black,65-79,592,0.084,114,0.117,0.055
5/16/2020,Black,80+,331,0.083,130,0.09,0.048
5/16/2020,Black,Total,3221,0.059,311,0.102,0.06
5/16/2020,Latino,0-17,1707,0.782,0,0,0.479
5/16/2020,Latino,18-34,8678,0.63,20,0.645,0.45
5/16/2020,Latino,35-49,8138,0.59,107,0.728,0.415
5/16/2020,Latino,50-64,7021,0.511,247,0.537,0.322
5/16/2020,Latino,65-79,2618,0.37,382,0.393,0.218
5/16/2020,Latino,80+,1033,0.258,381,0.264,0.196
5/16/2020,Latino,Total,29208,0.535,1137,0.372,0.389
5/16/2020,Other,0-17,108,0.049,0,0,0.044
5/16/2020,Other,18-34,881,0.064,2,0.064,0.032
5/16/2020,Other,35-49,864,0.062,4,0.028,0.021
5/16/2020,Other,50-64,919,0.067,11,0.023,0.017
5/16/2020,Other,65-79,445,0.063,31,0.032,0.015
5/16/2020,Other,80+,198,0.049,26,0.018,0.013
5/16/2020,Other,Total,3418,0.063,74,0.025,0.027
5/16/2020,white,0-17,226,0.103,0,0,0.292
5/16/2020,white,18-34,2299,0.167,3,0.097,0.302
5/16/2020,white,35-49,2493,0.181,12,0.082,0.325
5/16/2020,white,50-64,3183,0.232,99,0.215,0.43
5/16/2020,white,65-79,2514,0.355,322,0.331,0.54
5/16/2020,white,80+,1728,0.432,603,0.417,0.572
5/16/2020,white,Total,12452,0.228,1039,0.34,0.366
5/15/2020,Asian,0-17,87,0.043,0,0,0.13
5/15/2020,Asian,18-34,1218,0.092,3,0.103,0.151
5/15/2020,Asian,35-49,1547,0.116,10,0.069,0.179
5/15/2020,Asian,50-64,1672,0.126,52,0.116,0.167
5/15/2020,Asian,65-79,893,0.129,123,0.128,0.172
5/15/2020,Asian,80+,691,0.177,300,0.213,0.172
5/15/2020,Asian,Total,6118,0.116,489,0.163,0.157
5/15/2020,Black,0-17,47,0.023,0,0,0.054
5/15/2020,Black,18-34,638,0.048,3,0.103,0.065
5/15/2020,Black,35-49,694,0.052,14,0.096,0.059
5/15/2020,Black,50-64,887,0.067,48,0.107,0.064
5/15/2020,Black,65-79,585,0.084,112,0.117,0.055
5/15/2020,Black,80+,326,0.084,127,0.09,0.048
5/15/2020,Black,Total,3178,0.06,304,0.102,0.06
5/15/2020,Latino,0-17,1575,0.782,0,0,0.479
5/15/2020,Latino,18-34,8256,0.625,18,0.621,0.45
5/15/2020,Latino,35-49,7803,0.586,106,0.726,0.415
5/15/2020,Latino,50-64,6750,0.507,242,0.538,0.322
5/15/2020,Latino,65-79,2545,0.367,376,0.392,0.218
5/15/2020,Latino,80+,1000,0.256,368,0.262,0.196
5/15/2020,Latino,Total,27943,0.53,1110,0.371,0.389
5/15/2020,Other,0-17,104,0.051,0,0,0.044
5/15/2020,Other,18-34,863,0.065,2,0.068,0.032
5/15/2020,Other,35-49,841,0.063,4,0.028,0.021
5/15/2020,Other,50-64,901,0.068,10,0.021,0.017
5/15/2020,Other,65-79,435,0.063,29,0.03,0.015
5/15/2020,Other,80+,187,0.048,24,0.017,0.013
5/15/2020,Other,Total,3333,0.063,69,0.023,0.027
5/15/2020,white,0-17,202,0.1,0,0,0.292
5/15/2020,white,18-34,2234,0.169,3,0.103,0.302
5/15/2020,white,35-49,2433,0.183,12,0.082,0.325
5/15/2020,white,50-64,3107,0.233,98,0.218,0.43
5/15/2020,white,65-79,2471,0.357,320,0.333,0.54
5/15/2020,white,80+,1697,0.435,588,0.418,0.572
5/15/2020,white,Total,12153,0.23,1021,0.341,0.366
5/14/2020,Asian,0-17,80,0.042,0,0,0.13
5/14/2020,Asian,18-34,1177,0.092,3,0.111,0.151
5/14/2020,Asian,35-49,1498,0.116,11,0.078,0.179
5/14/2020,Asian,50-64,1627,0.126,53,0.121,0.167
5/14/2020,Asian,65-79,873,0.129,117,0.127,0.172
5/14/2020,Asian,80+,676,0.178,295,0.218,0.172
5/14/2020,Asian,Total,5941,0.116,480,0.167,0.157
5/14/2020,Black,0-17,44,0.023,0,0,0.054
5/14/2020,Black,18-34,594,0.047,4,0.148,0.065
5/14/2020,Black,35-49,661,0.051,14,0.099,0.059
5/14/2020,Black,50-64,851,0.066,47,0.107,0.064
5/14/2020,Black,65-79,567,0.084,110,0.119,0.055
5/14/2020,Black,80+,308,0.081,117,0.086,0.048
5/14/2020,Black,Total,3026,0.059,292,0.101,0.06
5/14/2020,Latino,0-17,1491,0.779,0,0,0.479
5/14/2020,Latino,18-34,7899,0.621,16,0.593,0.45
5/14/2020,Latino,35-49,7530,0.583,102,0.723,0.415
5/14/2020,Latino,50-64,6506,0.503,234,0.533,0.322
5/14/2020,Latino,65-79,2466,0.365,360,0.389,0.218
5/14/2020,Latino,80+,972,0.256,348,0.257,0.196
5/14/2020,Latino,Total,26880,0.526,1060,0.367,0.389
5/14/2020,Other,0-17,103,0.054,0,0,0.044
5/14/2020,Other,18-34,852,0.067,1,0.037,0.032
5/14/2020,Other,35-49,826,0.063,3,0.021,0.021
5/14/2020,Other,50-64,893,0.069,9,0.02,0.017
5/14/2020,Other,65-79,420,0.062,27,0.028,0.015
5/14/2020,Other,80+,183,0.048,24,0.017,0.013
5/14/2020,Other,Total,3280,0.065,64,0.023,0.027
5/14/2020,white,0-17,197,0.103,0,0,0.292
5/14/2020,white,18-34,2199,0.173,3,0.111,0.302
5/14/2020,white,35-49,2392,0.185,11,0.078,0.325
5/14/2020,white,50-64,3062,0.237,96,0.219,0.43
5/14/2020,white,65-79,2433,0.36,312,0.337,0.54
5/14/2020,white,80+,1665,0.438,569,0.421,0.572
5/14/2020,white,Total,11956,0.234,991,0.343,0.366
